,글자수,이미지수,제목,발행일,위치
0,1722,24,인사동 맛집 플러스84 수요미식회 방영 비빔쌀국수 & 반미,2022. 11. 7. 11:40,"

플러스84
서울특별시 종로구 인사동16길 6

"
1,4182,79,인사동 최초 이태리식당 맛집 아지오(Agio),2022. 7. 10. 15:31,"

아지오
서울특별시 종로구 인사동11길 23

"
2,1899,44,[안국역 인사동맛집] 꽃밥에피다 feat.비건코스 건강한 밥상,2022. 11. 9. 10:00,"

꽃밥에피다
서울특별시 종로구 인사동16길 3-6

"
3,1967,40,한우사골 육수 인사동 칼국수 신풍역 맛집 신풍역 칼국수,2022. 12. 2. 14:23,"

인사동칼국수 신길점
서울특별시 영등포구 여의대방로1길 3 한림캐슬 제지1층

"
4,2308,52,인사동맛집 장수하늘소인사점에서 만나는 장수군의 투쁠한우 ,12시간 전,"

장수하늘소
서울특별시 종로구 인사동길 34-1

"
5,2333,49,신풍역 맛집 인사동 칼국수 신길점 신길동 칼국수집,2022. 11. 21. 16:15,"

인사동칼국수 신길점
서울특별시 영등포구 여의대방로1길 3 한림캐슬 제지1층

"
6,4732,56,인사동 점심 맛집 [스페이스오]: '주관적취향' 전통주시음회 후기 /  안국역 한식주점 추천,2022. 12. 7. 20:03,"

스페이스오
서울특별시 종로구 인사동길 49 12층

"
7,2457,63,인사동맛집_육즙이 퐝~! 촉촉한 카츠 맛집 '오얏카츠',2022. 11. 11. 20:09,"

오얏카츠
서울특별시 종로구 우정국로 50-2 1층 오얏카츠

"
8,1909,15,인사동 맛집 평양고깃집 냉동삼겹 & 맛보래 즉석 떡볶이 후기,2022. 11. 9. 17:50,"


맛보래 즉석 떡볶이
서울특별시 종로구 인사동3길 9

"
9,2979,44,"< 스페이스오 > 인사동 점심 저녁 한식 다이닝 맛집, 전통주 페어링 ",2022. 11. 3. 22:29,"

스페이스오
서울특별시 종로구 인사동길 49 12층

"
10,1759,26,"인사동 한정식 맛집 ""촌"" : 서촌정식 메뉴 소개",2022. 11. 23. 7:40,"

촌음식점
서울특별시 종로구 인사동14길 19

"
